epoca,melhor_da_epoca,melhor_ate_agora,media,melhor_rota
0,815.4039,815.4039,1081.4552,13 14 11 8 10 5 2 9 6 3 4 1 0 12 18 16 19 7 17 15
1,751.1667,751.1667,1007.9295,0 19 7 6 10 12 17 16 15 11 18 2 1 3 5 4 9 13 14 8
2,751.1667,751.1667,968.3172,0 19 7 6 10 12 17 16 15 11 18 2 1 3 5 4 9 13 14 8
3,622.7955,622.7955,945.0088,14 15 16 17 5 18 19 1 0 2 3 6 11 8 7 4 12 10 9 13
4,622.7955,622.7955,918.3487,14 15 16 17 5 18 19 1 0 2 3 6 11 8 7 4 12 10 9 13
5,622.7955,622.7955,890.9240,14 15 16 17 5 18 19 1 0 2 3 6 11 8 7 4 12 10 9 13
6,622.7955,622.7955,869.2340,14 15 16 17 5 18 19 1 0 2 3 6 11 8 7 4 12 10 9 13
7,622.7955,622.7955,837.0413,14 15 16 17 5 18 19 1 0 2 3 6 11 8 7 4 12 10 9 13
8,585.2666,585.2666,837.6244,15 17 16 11 8 10 5 18 19 1 0 2 3 6 7 4 9 12 13 14
9,584.3723,584.3723,823.9616,15 17 16 11 8 10 5 18 19 1 0 2 3 7 6 4 9 12 13 14
10,584.3723,584.3723,813.5518,15 17 16 11 8 10 5 18 19 1 0 2 3 7 6 4 9 12 13 14
11,584.3723,584.3723,815.0602,15 17 16 11 8 10 5 18 19 1 0 2 3 7 6 4 9 12 13 14
12,580.3185,580.3185,807.4511,15 16 17 11 8 10 5 18 19 1 0 2 3 7 6 4 9 12 13 14
13,537.1590,537.1590,791.3175,15 16 17 11 8 10 5 18 19 1 0 2 3 4 7 6 9 12 13 14
14,537.1590,537.1590,772.6485,15 16 17 11 8 10 5 18 19 1 0 2 3 4 7 6 9 12 13 14
15,537.1590,537.1590,755.4319,15 16 17 11 8 10 5 18 19 1 0 2 3 4 7 6 9 12 13 14
16,537.1590,537.1590,734.2174,15 16 17 11 8 10 5 18 19 1 0 2 3 4 7 6 9 12 13 14
17,534.2126,534.2126,724.3938,15 17 16 11 9 8 10 5 18 19 1 0 2 3 4 7 6 12 13 14
18,516.5140,516.5140,708.0398,15 17 16 11 10 5 18 19 1 0 2 4 3 6 7 9 8 12 13 14
19,516.5140,516.5140,676.3507,15 17 16 11 10 5 18 19 1 0 2 4 3 6 7 9 8 12 13 14
20,516.5140,516.5140,656.0326,15 17 16 11 10 5 18 19 1 0 2 4 3 6 7 9 8 12 13 14
21,462.4613,462.4613,638.9667,16 17 18 19 15 11 10 8 7 5 1 0 2 3 4 6 9 12 13 14
22,444.8083,444.8083,611.3179,15 16 17 18 19 11 10 8 7 5 1 0 2 3 4 6 9 12 13 14
23,444.8083,444.8083,597.4276,15 16 17 18 19 11 10 8 7 5 1 0 2 3 4 6 9 12 13 14
24,444.8083,444.8083,580.3095,15 16 17 18 19 11 10 8 7 5 1 0 2 3 4 6 9 12 13 14
25,444.8083,444.8083,567.1728,15 16 17 18 19 11 10 8 7 5 1 0 2 3 4 6 9 12 13 14
26,444.8083,444.8083,543.0117,15 16 17 18 19 11 10 8 7 5 1 0 2 3 4 6 9 12 13 14
27,444.8083,444.8083,529.6474,15 16 17 18 19 11 10 8 7 5 1 0 2 3 4 6 9 12 13 14
28,444.8083,444.8083,522.1136,15 16 17 18 19 11 10 8 7 5 1 0 2 3 4 6 9 12 13 14
29,423.7789,423.7789,497.6289,15 16 17 18 11 10 19 1 0 2 3 4 5 6 7 8 9 12 13 14
30,416.3763,416.3763,478.7735,15 16 17 18 19 11 10 1 0 2 3 4 5 6 7 8 9 12 13 14
31,416.3763,416.3763,474.8398,15 16 17 18 19 11 10 1 0 2 3 4 5 6 7 8 9 12 13 14
32,416.3763,416.3763,464.0492,15 16 17 18 19 11 10 1 0 2 3 4 5 6 7 8 9 12 13 14
33,416.3763,416.3763,461.2515,15 16 17 18 19 11 10 1 0 2 3 4 5 6 7 8 9 12 13 14
34,416.3763,416.3763,457.3662,15 16 17 18 19 11 10 1 0 2 3 4 5 6 7 8 9 12 13 14
35,416.3763,416.3763,445.2637,15 16 17 18 19 11 10 1 0 2 3 4 5 6 7 8 9 12 13 14
36,416.3763,416.3763,431.6319,15 16 17 18 19 11 10 1 0 2 3 4 5 6 7 8 9 12 13 14
37,416.3763,416.3763,423.7018,15 16 17 18 19 11 10 1 0 2 3 4 5 6 7 8 9 12 13 14
38,416.3763,416.3763,436.4745,15 16 17 18 19 11 10 1 0 2 3 4 5 6 7 8 9 12 13 14
39,416.3763,416.3763,429.2446,15 16 17 18 19 11 10 1 0 2 3 4 5 6 7 8 9 12 13 14
40,416.3763,416.3763,429.0315,15 16 17 18 19 11 10 1 0 2 3 4 5 6 7 8 9 12 13 14
41,416.3763,416.3763,424.2928,15 16 17 18 19 11 10 1 0 2 3 4 5 6 7 8 9 12 13 14
42,416.3763,416.3763,419.3204,15 16 17 18 19 11 10 1 0 2 3 4 5 6 7 8 9 12 13 14
43,416.3763,416.3763,418.5047,15 16 17 18 19 11 10 1 0 2 3 4 5 6 7 8 9 12 13 14
44,416.3763,416.3763,426.1265,15 16 17 18 19 11 10 1 0 2 3 4 5 6 7 8 9 12 13 14
45,416.3763,416.3763,418.5067,15 16 17 18 19 11 10 1 0 2 3 4 5 6 7 8 9 12 13 14
46,416.3763,416.3763,425.8964,15 16 17 18 19 11 10 1 0 2 3 4 5 6 7 8 9 12 13 14
47,416.3763,416.3763,421.5496,15 16 17 18 19 11 10 1 0 2 3 4 5 6 7 8 9 12 13 14
48,416.3763,416.3763,425.9090,15 16 17 18 19 11 10 1 0 2 3 4 5 6 7 8 9 12 13 14
49,416.3763,416.3763,420.2013,15 16 17 18 19 11 10 1 0 2 3 4 5 6 7 8 9 12 13 14
50,405.1546,405.1546,425.5351,15 16 17 18 19 11 10 0 1 2 3 4 5 6 7 8 9 12 13 14
51,405.1546,405.1546,425.1634,15 16 17 18 19 11 10 0 1 2 3 4 5 6 7 8 9 12 13 14
52,405.1546,405.1546,423.1255,15 16 17 18 19 11 10 0 1 2 3 4 5 6 7 8 9 12 13 14
53,405.1546,405.1546,420.3615,15 16 17 18 19 11 10 0 1 2 3 4 5 6 7 8 9 12 13 14
54,401.2392,401.2392,415.6539,15 16 17 18 19 11 12 0 1 2 3 4 5 6 7 8 9 10 13 14
55,401.2392,401.2392,420.4768,15 16 17 18 19 11 12 0 1 2 3 4 5 6 7 8 9 10 13 14
56,401.2392,401.2392,415.4363,15 16 17 18 19 11 12 0 1 2 3 4 5 6 7 8 9 10 13 14
57,401.2392,401.2392,411.1845,15 16 17 18 19 11 12 0 1 2 3 4 5 6 7 8 9 10 13 14
58,401.2392,401.2392,418.5565,15 16 17 18 19 11 12 0 1 2 3 4 5 6 7 8 9 10 13 14
59,401.2392,401.2392,411.9080,15 16 17 18 19 11 12 0 1 2 3 4 5 6 7 8 9 10 13 14
60,392.5718,392.5718,418.8153,15 16 17 18 19 11 0 1 2 3 4 5 6 7 8 9 10 12 13 14
61,392.5718,392.5718,421.1993,15 16 17 18 19 11 0 1 2 3 4 5 6 7 8 9 10 12 13 14
62,392.5718,392.5718,431.5962,15 16 17 18 19 11 0 1 2 3 4 5 6 7 8 9 10 12 13 14
63,392.5718,392.5718,435.6109,15 16 17 18 19 11 0 1 2 3 4 5 6 7 8 9 10 12 13 14
64,392.5718,392.5718,421.7284,15 16 17 18 19 11 0 1 2 3 4 5 6 7 8 9 10 12 13 14
65,392.5718,392.5718,436.0453,15 16 17 18 19 11 0 1 2 3 4 5 6 7 8 9 10 12 13 14
66,392.5718,392.5718,420.4427,15 16 17 18 19 11 0 1 2 3 4 5 6 7 8 9 10 12 13 14
67,392.5718,392.5718,428.7428,15 16 17 18 19 11 0 1 2 3 4 5 6 7 8 9 10 12 13 14
68,392.5718,392.5718,426.4467,15 16 17 18 19 11 0 1 2 3 4 5 6 7 8 9 10 12 13 14
69,384.8373,384.8373,440.6366,15 16 17 18 11 19 0 1 2 3 4 5 6 7 8 9 10 12 13 14
70,384.8373,384.8373,426.1665,15 16 17 18 11 19 0 1 2 3 4 5 6 7 8 9 10 12 13 14
71,384.8373,384.8373,441.2066,15 16 17 18 11 19 0 1 2 3 4 5 6 7 8 9 10 12 13 14
72,384.8373,384.8373,437.3606,15 16 17 18 11 19 0 1 2 3 4 5 6 7 8 9 10 12 13 14
73,384.8373,384.8373,431.7860,15 16 17 18 11 19 0 1 2 3 4 5 6 7 8 9 10 12 13 14
74,384.8373,384.8373,422.4465,15 16 17 18 11 19 0 1 2 3 4 5 6 7 8 9 10 12 13 14
75,384.8373,384.8373,408.8978,15 16 17 18 11 19 0 1 2 3 4 5 6 7 8 9 10 12 13 14
76,384.8373,384.8373,414.9160,15 16 17 18 11 19 0 1 2 3 4 5 6 7 8 9 10 12 13 14
77,384.8373,384.8373,400.9099,15 16 17 18 11 19 0 1 2 3 4 5 6 7 8 9 10 12 13 14
78,384.8373,384.8373,403.0815,15 16 17 18 11 19 0 1 2 3 4 5 6 7 8 9 10 12 13 14
79,384.8373,384.8373,403.2442,15 16 17 18 11 19 0 1 2 3 4 5 6 7 8 9 10 12 13 14
80,384.8373,384.8373,401.2235,15 16 17 18 11 19 0 1 2 3 4 5 6 7 8 9 10 12 13 14
81,384.8373,384.8373,396.1223,15 16 17 18 11 19 0 1 2 3 4 5 6 7 8 9 10 12 13 14
82,384.8373,384.8373,397.2721,15 16 17 18 11 19 0 1 2 3 4 5 6 7 8 9 10 12 13 14
83,384.8373,384.8373,406.6361,15 16 17 18 11 19 0 1 2 3 4 5 6 7 8 9 10 12 13 14
84,384.8373,384.8373,405.8864,15 16 17 18 11 19 0 1 2 3 4 5 6 7 8 9 10 12 13 14
85,384.8373,384.8373,401.2129,15 16 17 18 11 19 0 1 2 3 4 5 6 7 8 9 10 12 13 14
86,384.8373,384.8373,402.7426,15 16 17 18 11 19 0 1 2 3 4 5 6 7 8 9 10 12 13 14
87,384.8373,384.8373,403.5447,15 16 17 18 11 19 0 1 2 3 4 5 6 7 8 9 10 12 13 14
88,384.8373,384.8373,402.1635,15 16 17 18 11 19 0 1 2 3 4 5 6 7 8 9 10 12 13 14
89,378.5128,378.5128,407.5607,15 16 17 11 12 18 19 0 1 2 3 4 5 6 7 8 9 10 13 14
90,378.5128,378.5128,398.3873,15 16 17 11 12 18 19 0 1 2 3 4 5 6 7 8 9 10 13 14
91,378.5128,378.5128,398.8512,15 16 17 11 12 18 19 0 1 2 3 4 5 6 7 8 9 10 13 14
92,378.5128,378.5128,399.2795,15 16 17 11 12 18 19 0 1 2 3 4 5 6 7 8 9 10 13 14
93,376.9192,376.9192,398.1156,15 16 17 12 11 18 19 0 1 2 3 4 5 6 7 8 9 10 13 14
94,376.9192,376.9192,395.2698,15 16 17 12 11 18 19 0 1 2 3 4 5 6 7 8 9 10 13 14
95,376.9192,376.9192,394.7269,15 16 17 12 11 18 19 0 1 2 3 4 5 6 7 8 9 10 13 14
96,376.9192,376.9192,392.8454,15 16 17 12 11 18 19 0 1 2 3 4 5 6 7 8 9 10 13 14
97,376.9192,376.9192,382.1210,15 16 17 12 11 18 19 0 1 2 3 4 5 6 7 8 9 10 13 14
98,376.9192,376.9192,391.3568,15 16 17 12 11 18 19 0 1 2 3 4 5 6 7 8 9 10 13 14
99,376.9192,376.9192,385.0709,15 16 17 12 11 18 19 0 1 2 3 4 5 6 7 8 9 10 13 14
100,376.9192,376.9192,384.9967,15 16 17 12 11 18 19 0 1 2 3 4 5 6 7 8 9 10 13 14
101,376.9192,376.9192,389.3753,15 16 17 12 11 18 19 0 1 2 3 4 5 6 7 8 9 10 13 14
102,376.9192,376.9192,381.5630,15 16 17 12 11 18 19 0 1 2 3 4 5 6 7 8 9 10 13 14
103,376.9192,376.9192,379.0590,15 16 17 12 11 18 19 0 1 2 3 4 5 6 7 8 9 10 13 14
104,376.9192,376.9192,380.9864,15 16 17 12 11 18 19 0 1 2 3 4 5 6 7 8 9 10 13 14
105,376.9192,376.9192,379.4161,15 16 17 12 11 18 19 0 1 2 3 4 5 6 7 8 9 10 13 14
106,376.9192,376.9192,386.8840,15 16 17 12 11 18 19 0 1 2 3 4 5 6 7 8 9 10 13 14
107,376.9192,376.9192,392.2079,15 16 17 12 11 18 19 0 1 2 3 4 5 6 7 8 9 10 13 14
108,376.9192,376.9192,395.7748,15 16 17 12 11 18 19 0 1 2 3 4 5 6 7 8 9 10 13 14
109,376.9192,376.9192,381.8947,15 16 17 12 11 18 19 0 1 2 3 4 5 6 7 8 9 10 13 14
110,376.9192,376.9192,383.5391,15 16 17 12 11 18 19 0 1 2 3 4 5 6 7 8 9 10 13 14
111,376.9192,376.9192,381.9165,15 16 17 12 11 18 19 0 1 2 3 4 5 6 7 8 9 10 13 14
112,376.9192,376.9192,379.0358,15 16 17 12 11 18 19 0 1 2 3 4 5 6 7 8 9 10 13 14
113,376.9192,376.9192,381.7128,15 16 17 12 11 18 19 0 1 2 3 4 5 6 7 8 9 10 13 14
114,362.2072,362.2072,393.8414,15 16 17 12 13 18 19 0 1 2 3 4 5 6 7 8 9 10 11 14
115,362.2072,362.2072,383.4107,15 16 17 12 13 18 19 0 1 2 3 4 5 6 7 8 9 10 11 14
116,362.2072,362.2072,379.8523,15 16 17 12 13 18 19 0 1 2 3 4 5 6 7 8 9 10 11 14
117,362.2072,362.2072,393.6580,15 16 17 12 13 18 19 0 1 2 3 4 5 6 7 8 9 10 11 14
118,362.2072,362.2072,398.1643,15 16 17 12 13 18 19 0 1 2 3 4 5 6 7 8 9 10 11 14
119,362.2072,362.2072,388.1909,15 16 17 12 13 18 19 0 1 2 3 4 5 6 7 8 9 10 11 14
120,362.2072,362.2072,389.0441,15 16 17 12 13 18 19 0 1 2 3 4 5 6 7 8 9 10 11 14
121,362.2072,362.2072,401.3416,15 16 17 12 13 18 19 0 1 2 3 4 5 6 7 8 9 10 11 14
122,362.2072,362.2072,387.2714,15 16 17 12 13 18 19 0 1 2 3 4 5 6 7 8 9 10 11 14
123,362.2072,362.2072,381.4264,15 16 17 12 13 18 19 0 1 2 3 4 5 6 7 8 9 10 11 14
124,362.2072,362.2072,371.6023,15 16 17 12 13 18 19 0 1 2 3 4 5 6 7 8 9 10 11 14
125,362.2072,362.2072,364.4987,15 16 17 12 13 18 19 0 1 2 3 4 5 6 7 8 9 10 11 14
126,362.2072,362.2072,363.0745,15 16 17 12 13 18 19 0 1 2 3 4 5 6 7 8 9 10 11 14
127,362.2072,362.2072,373.9969,15 16 17 12 13 18 19 0 1 2 3 4 5 6 7 8 9 10 11 14
128,341.9579,341.9579,371.3765,15 16 17 14 13 18 19 0 1 2 3 4 5 6 7 8 9 10 11 12
129,341.9579,341.9579,367.3854,15 16 17 14 13 18 19 0 1 2 3 4 5 6 7 8 9 10 11 12
130,341.9579,341.9579,374.6008,15 16 17 14 13 18 19 0 1 2 3 4 5 6 7 8 9 10 11 12
131,341.9579,341.9579,373.9445,15 16 17 14 13 18 19 0 1 2 3 4 5 6 7 8 9 10 11 12
132,341.9579,341.9579,372.4956,15 16 17 14 13 18 19 0 1 2 3 4 5 6 7 8 9 10 11 12
133,341.9579,341.9579,383.6628,15 16 17 14 13 18 19 0 1 2 3 4 5 6 7 8 9 10 11 12
134,341.9579,341.9579,378.2339,15 16 17 14 13 18 19 0 1 2 3 4 5 6 7 8 9 10 11 12
135,341.9579,341.9579,373.5242,15 16 17 14 13 18 19 0 1 2 3 4 5 6 7 8 9 10 11 12
136,341.9579,341.9579,360.4482,15 16 17 14 13 18 19 0 1 2 3 4 5 6 7 8 9 10 11 12
137,341.9579,341.9579,352.7291,15 16 17 14 13 18 19 0 1 2 3 4 5 6 7 8 9 10 11 12
138,341.9579,341.9579,349.2249,15 16 17 14 13 18 19 0 1 2 3 4 5 6 7 8 9 10 11 12
139,341.9579,341.9579,348.5948,15 16 17 14 13 18 19 0 1 2 3 4 5 6 7 8 9 10 11 12
140,341.9579,341.9579,352.9899,15 16 17 14 13 18 19 0 1 2 3 4 5 6 7 8 9 10 11 12
141,341.9579,341.9579,346.8602,15 16 17 14 13 18 19 0 1 2 3 4 5 6 7 8 9 10 11 12
142,341.9579,341.9579,346.3156,15 16 17 14 13 18 19 0 1 2 3 4 5 6 7 8 9 10 11 12
143,341.9579,341.9579,347.8293,15 16 17 14 13 18 19 0 1 2 3 4 5 6 7 8 9 10 11 12
144,341.9579,341.9579,345.3831,15 16 17 14 13 18 19 0 1 2 3 4 5 6 7 8 9 10 11 12
145,341.9579,341.9579,349.9056,15 16 17 14 13 18 19 0 1 2 3 4 5 6 7 8 9 10 11 12
146,341.9579,341.9579,351.5780,15 16 17 14 13 18 19 0 1 2 3 4 5 6 7 8 9 10 11 12
147,341.9579,341.9579,352.5823,15 16 17 14 13 18 19 0 1 2 3 4 5 6 7 8 9 10 11 12
148,341.9579,341.9579,353.4107,15 16 17 14 13 18 19 0 1 2 3 4 5 6 7 8 9 10 11 12
149,341.9579,341.9579,348.2376,15 16 17 14 13 18 19 0 1 2 3 4 5 6 7 8 9 10 11 12
150,321.7086,321.7086,345.6870,15 16 13 14 17 18 19 0 1 2 3 4 5 6 7 8 9 10 11 12
151,321.7086,321.7086,342.6797,15 16 13 14 17 18 19 0 1 2 3 4 5 6 7 8 9 10 11 12
152,321.7086,321.7086,348.4541,15 16 13 14 17 18 19 0 1 2 3 4 5 6 7 8 9 10 11 12
153,321.7086,321.7086,342.2954,15 16 13 14 17 18 19 0 1 2 3 4 5 6 7 8 9 10 11 12
154,320.8143,320.8143,342.3865,15 16 14 13 17 18 19 0 1 2 3 4 5 6 7 8 9 10 11 12
155,320.8143,320.8143,330.4541,15 16 14 13 17 18 19 0 1 2 3 4 5 6 7 8 9 10 11 12
156,320.8143,320.8143,326.1707,15 16 14 13 17 18 19 0 1 2 3 4 5 6 7 8 9 10 11 12
157,320.8143,320.8143,334.1777,15 16 14 13 17 18 19 0 1 2 3 4 5 6 7 8 9 10 11 12
158,320.8143,320.8143,327.2683,15 16 14 13 17 18 19 0 1 2 3 4 5 6 7 8 9 10 11 12
159,320.8143,320.8143,329.2570,15 16 14 13 17 18 19 0 1 2 3 4 5 6 7 8 9 10 11 12
160,320.8143,320.8143,329.4027,15 16 14 13 17 18 19 0 1 2 3 4 5 6 7 8 9 10 11 12
161,320.8143,320.8143,329.6946,15 16 14 13 17 18 19 0 1 2 3 4 5 6 7 8 9 10 11 12
162,320.8143,320.8143,329.9917,15 16 14 13 17 18 19 0 1 2 3 4 5 6 7 8 9 10 11 12
163,320.8143,320.8143,337.2611,15 16 14 13 17 18 19 0 1 2 3 4 5 6 7 8 9 10 11 12
164,320.8143,320.8143,323.0447,15 16 14 13 17 18 19 0 1 2 3 4 5 6 7 8 9 10 11 12
165,320.8143,320.8143,324.8850,15 16 14 13 17 18 19 0 1 2 3 4 5 6 7 8 9 10 11 12
166,298.5128,298.5128,332.0018,13 16 14 15 17 18 19 0 1 2 3 4 5 6 7 8 9 10 11 12
167,298.5128,298.5128,321.7465,13 16 14 15 17 18 19 0 1 2 3 4 5 6 7 8 9 10 11 12
168,298.5128,298.5128,326.8119,13 16 14 15 17 18 19 0 1 2 3 4 5 6 7 8 9 10 11 12
169,298.5128,298.5128,330.1184,13 16 14 15 17 18 19 0 1 2 3 4 5 6 7 8 9 10 11 12
170,298.5128,298.5128,325.5639,13 16 14 15 17 18 19 0 1 2 3 4 5 6 7 8 9 10 11 12
171,298.5128,298.5128,328.0018,13 16 14 15 17 18 19 0 1 2 3 4 5 6 7 8 9 10 11 12
172,298.5128,298.5128,321.5606,13 16 14 15 17 18 19 0 1 2 3 4 5 6 7 8 9 10 11 12
173,298.5128,298.5128,316.4272,13 16 14 15 17 18 19 0 1 2 3 4 5 6 7 8 9 10 11 12
174,298.5128,298.5128,299.8410,13 16 14 15 17 18 19 0 1 2 3 4 5 6 7 8 9 10 11 12
175,298.5128,298.5128,306.3154,13 16 14 15 17 18 19 0 1 2 3 4 5 6 7 8 9 10 11 12
176,298.5128,298.5128,300.8278,13 16 14 15 17 18 19 0 1 2 3 4 5 6 7 8 9 10 11 12
177,298.5128,298.5128,309.3478,13 16 14 15 17 18 19 0 1 2 3 4 5 6 7 8 9 10 11 12
178,298.5128,298.5128,304.4888,13 16 14 15 17 18 19 0 1 2 3 4 5 6 7 8 9 10 11 12
179,298.5128,298.5128,303.1730,13 16 14 15 17 18 19 0 1 2 3 4 5 6 7 8 9 10 11 12
180,298.5128,298.5128,307.4015,13 16 14 15 17 18 19 0 1 2 3 4 5 6 7 8 9 10 11 12
181,298.5128,298.5128,303.7979,13 16 14 15 17 18 19 0 1 2 3 4 5 6 7 8 9 10 11 12
182,298.5128,298.5128,312.7833,13 16 14 15 17 18 19 0 1 2 3 4 5 6 7 8 9 10 11 12
183,298.5128,298.5128,313.2163,13 16 14 15 17 18 19 0 1 2 3 4 5 6 7 8 9 10 11 12
184,298.5128,298.5128,304.0577,13 16 14 15 17 18 19 0 1 2 3 4 5 6 7 8 9 10 11 12
185,298.5128,298.5128,313.0371,13 16 14 15 17 18 19 0 1 2 3 4 5 6 7 8 9 10 11 12
186,298.5128,298.5128,307.3182,13 16 14 15 17 18 19 0 1 2 3 4 5 6 7 8 9 10 11 12
187,298.5128,298.5128,313.3929,13 16 14 15 17 18 19 0 1 2 3 4 5 6 7 8 9 10 11 12
188,274.7083,274.7083,303.2783,13 15 14 16 17 18 19 0 1 2 3 4 5 6 7 8 9 10 11 12
189,274.7083,274.7083,304.4226,13 15 14 16 17 18 19 0 1 2 3 4 5 6 7 8 9 10 11 12
190,250.2951,250.2951,300.2765,13 14 15 16 17 18 19 0 1 2 3 4 5 6 7 8 9 10 11 12
191,250.2951,250.2951,309.2165,13 14 15 16 17 18 19 0 1 2 3 4 5 6 7 8 9 10 11 12
192,250.2951,250.2951,291.9076,13 14 15 16 17 18 19 0 1 2 3 4 5 6 7 8 9 10 11 12
193,250.2951,250.2951,284.1683,13 14 15 16 17 18 19 0 1 2 3 4 5 6 7 8 9 10 11 12
194,250.2951,250.2951,269.6456,13 14 15 16 17 18 19 0 1 2 3 4 5 6 7 8 9 10 11 12
195,250.2951,250.2951,266.8209,13 14 15 16 17 18 19 0 1 2 3 4 5 6 7 8 9 10 11 12
196,250.2951,250.2951,261.5755,13 14 15 16 17 18 19 0 1 2 3 4 5 6 7 8 9 10 11 12
197,250.2951,250.2951,255.4609,13 14 15 16 17 18 19 0 1 2 3 4 5 6 7 8 9 10 11 12
198,250.2951,250.2951,261.5256,13 14 15 16 17 18 19 0 1 2 3 4 5 6 7 8 9 10 11 12
199,250.2951,250.2951,258.8351,13 14 15 16 17 18 19 0 1 2 3 4 5 6 7 8 9 10 11 12
200,250.2951,250.2951,255.2168,13 14 15 16 17 18 19 0 1 2 3 4 5 6 7 8 9 10 11 12
201,250.2951,250.2951,257.0229,13 14 15 16 17 18 19 0 1 2 3 4 5 6 7 8 9 10 11 12
202,250.2951,250.2951,258.3267,13 14 15 16 17 18 19 0 1 2 3 4 5 6 7 8 9 10 11 12
203,250.2951,250.2951,260.7417,13 14 15 16 17 18 19 0 1 2 3 4 5 6 7 8 9 10 11 12
204,250.2951,250.2951,258.8111,13 14 15 16 17 18 19 0 1 2 3 4 5 6 7 8 9 10 11 12
205,250.2951,250.2951,257.3602,13 14 15 16 17 18 19 0 1 2 3 4 5 6 7 8 9 10 11 12
206,250.2951,250.2951,258.4573,13 14 15 16 17 18 19 0 1 2 3 4 5 6 7 8 9 10 11 12
207,250.2951,250.2951,255.3250,13 14 15 16 17 18 19 0 1 2 3 4 5 6 7 8 9 10 11 12
208,250.2951,250.2951,258.4461,13 14 15 16 17 18 19 0 1 2 3 4 5 6 7 8 9 10 11 12
209,250.2951,250.2951,256.8176,13 14 15 16 17 18 19 0 1 2 3 4 5 6 7 8 9 10 11 12
210,250.2951,250.2951,261.5877,13 14 15 16 17 18 19 0 1 2 3 4 5 6 7 8 9 10 11 12
211,250.2951,250.2951,262.0495,13 14 15 16 17 18 19 0 1 2 3 4 5 6 7 8 9 10 11 12
212,250.2951,250.2951,260.4274,13 14 15 16 17 18 19 0 1 2 3 4 5 6 7 8 9 10 11 12
213,250.2951,250.2951,256.9252,13 14 15 16 17 18 19 0 1 2 3 4 5 6 7 8 9 10 11 12
214,250.2951,250.2951,265.9114,13 14 15 16 17 18 19 0 1 2 3 4 5 6 7 8 9 10 11 12
215,250.2951,250.2951,259.4623,13 14 15 16 17 18 19 0 1 2 3 4 5 6 7 8 9 10 11 12
216,250.2951,250.2951,257.8303,13 14 15 16 17 18 19 0 1 2 3 4 5 6 7 8 9 10 11 12
217,250.2951,250.2951,259.0026,13 14 15 16 17 18 19 0 1 2 3 4 5 6 7 8 9 10 11 12
218,250.2951,250.2951,255.8455,13 14 15 16 17 18 19 0 1 2 3 4 5 6 7 8 9 10 11 12
219,250.2951,250.2951,251.6523,13 14 15 16 17 18 19 0 1 2 3 4 5 6 7 8 9 10 11 12
220,250.2951,250.2951,263.3339,13 14 15 16 17 18 19 0 1 2 3 4 5 6 7 8 9 10 11 12
221,250.2951,250.2951,253.6365,13 14 15 16 17 18 19 0 1 2 3 4 5 6 7 8 9 10 11 12
222,250.2951,250.2951,255.4759,13 14 15 16 17 18 19 0 1 2 3 4 5 6 7 8 9 10 11 12
223,250.2951,250.2951,257.0672,13 14 15 16 17 18 19 0 1 2 3 4 5 6 7 8 9 10 11 12
224,250.2951,250.2951,261.4920,13 14 15 16 17 18 19 0 1 2 3 4 5 6 7 8 9 10 11 12
225,250.2951,250.2951,253.6365,13 14 15 16 17 18 19 0 1 2 3 4 5 6 7 8 9 10 11 12
226,250.2951,250.2951,260.2638,13 14 15 16 17 18 19 0 1 2 3 4 5 6 7 8 9 10 11 12
227,250.2951,250.2951,259.5545,13 14 15 16 17 18 19 0 1 2 3 4 5 6 7 8 9 10 11 12
228,250.2951,250.2951,255.7553,13 14 15 16 17 18 19 0 1 2 3 4 5 6 7 8 9 10 11 12
229,250.2951,250.2951,252.9637,13 14 15 16 17 18 19 0 1 2 3 4 5 6 7 8 9 10 11 12
230,250.2951,250.2951,253.7798,13 14 15 16 17 18 19 0 1 2 3 4 5 6 7 8 9 10 11 12
231,250.2951,250.2951,262.3260,13 14 15 16 17 18 19 0 1 2 3 4 5 6 7 8 9 10 11 12
232,250.2951,250.2951,257.1830,13 14 15 16 17 18 19 0 1 2 3 4 5 6 7 8 9 10 11 12
233,250.2951,250.2951,254.6337,13 14 15 16 17 18 19 0 1 2 3 4 5 6 7 8 9 10 11 12
234,250.2951,250.2951,253.0868,13 14 15 16 17 18 19 0 1 2 3 4 5 6 7 8 9 10 11 12
235,250.2951,250.2951,266.1527,13 14 15 16 17 18 19 0 1 2 3 4 5 6 7 8 9 10 11 12
236,250.2951,250.2951,254.2734,13 14 15 16 17 18 19 0 1 2 3 4 5 6 7 8 9 10 11 12
237,250.2951,250.2951,257.3116,13 14 15 16 17 18 19 0 1 2 3 4 5 6 7 8 9 10 11 12
238,250.2951,250.2951,252.6107,13 14 15 16 17 18 19 0 1 2 3 4 5 6 7 8 9 10 11 12
239,250.2951,250.2951,255.3708,13 14 15 16 17 18 19 0 1 2 3 4 5 6 7 8 9 10 11 12
240,250.2951,250.2951,258.8351,13 14 15 16 17 18 19 0 1 2 3 4 5 6 7 8 9 10 11 12
241,250.2951,250.2951,259.7320,13 14 15 16 17 18 19 0 1 2 3 4 5 6 7 8 9 10 11 12
242,250.2951,250.2951,261.0174,13 14 15 16 17 18 19 0 1 2 3 4 5 6 7 8 9 10 11 12
243,250.2951,250.2951,257.8206,13 14 15 16 17 18 19 0 1 2 3 4 5 6 7 8 9 10 11 12
244,250.2951,250.2951,257.6063,13 14 15 16 17 18 19 0 1 2 3 4 5 6 7 8 9 10 11 12
245,250.2951,250.2951,259.4781,13 14 15 16 17 18 19 0 1 2 3 4 5 6 7 8 9 10 11 12
246,250.2951,250.2951,258.9785,13 14 15 16 17 18 19 0 1 2 3 4 5 6 7 8 9 10 11 12
247,250.2951,250.2951,262.2957,13 14 15 16 17 18 19 0 1 2 3 4 5 6 7 8 9 10 11 12
248,250.2951,250.2951,255.9909,13 14 15 16 17 18 19 0 1 2 3 4 5 6 7 8 9 10 11 12
249,250.2951,250.2951,258.3732,13 14 15 16 17 18 19 0 1 2 3 4 5 6 7 8 9 10 11 12
250,250.2951,250.2951,257.1483,13 14 15 16 17 18 19 0 1 2 3 4 5 6 7 8 9 10 11 12
251,250.2951,250.2951,262.7963,13 14 15 16 17 18 19 0 1 2 3 4 5 6 7 8 9 10 11 12
252,250.2951,250.2951,258.9635,13 14 15 16 17 18 19 0 1 2 3 4 5 6 7 8 9 10 11 12
253,250.2951,250.2951,262.4356,13 14 15 16 17 18 19 0 1 2 3 4 5 6 7 8 9 10 11 12
254,250.2951,250.2951,253.5209,13 14 15 16 17 18 19 0 1 2 3 4 5 6 7 8 9 10 11 12
255,250.2951,250.2951,255.1655,13 14 15 16 17 18 19 0 1 2 3 4 5 6 7 8 9 10 11 12
256,250.2951,250.2951,258.1205,13 14 15 16 17 18 19 0 1 2 3 4 5 6 7 8 9 10 11 12
257,250.2951,250.2951,254.9600,13 14 15 16 17 18 19 0 1 2 3 4 5 6 7 8 9 10 11 12
258,250.2951,250.2951,257.3706,13 14 15 16 17 18 19 0 1 2 3 4 5 6 7 8 9 10 11 12
259,250.2951,250.2951,262.8549,13 14 15 16 17 18 19 0 1 2 3 4 5 6 7 8 9 10 11 12
260,250.2951,250.2951,260.6023,13 14 15 16 17 18 19 0 1 2 3 4 5 6 7 8 9 10 11 12
261,250.2951,250.2951,265.7099,13 14 15 16 17 18 19 0 1 2 3 4 5 6 7 8 9 10 11 12
262,250.2951,250.2951,254.0858,13 14 15 16 17 18 19 0 1 2 3 4 5 6 7 8 9 10 11 12
263,250.2951,250.2951,259.3556,13 14 15 16 17 18 19 0 1 2 3 4 5 6 7 8 9 10 11 12
264,250.2951,250.2951,257.7221,13 14 15 16 17 18 19 0 1 2 3 4 5 6 7 8 9 10 11 12
265,250.2951,250.2951,264.9325,13 14 15 16 17 18 19 0 1 2 3 4 5 6 7 8 9 10 11 12
266,250.2951,250.2951,258.3157,13 14 15 16 17 18 19 0 1 2 3 4 5 6 7 8 9 10 11 12
267,250.2951,250.2951,265.5332,13 14 15 16 17 18 19 0 1 2 3 4 5 6 7 8 9 10 11 12
268,250.2951,250.2951,256.1661,13 14 15 16 17 18 19 0 1 2 3 4 5 6 7 8 9 10 11 12
269,250.2951,250.2951,264.8512,13 14 15 16 17 18 19 0 1 2 3 4 5 6 7 8 9 10 11 12
270,250.2951,250.2951,258.6473,13 14 15 16 17 18 19 0 1 2 3 4 5 6 7 8 9 10 11 12
271,250.2951,250.2951,252.9552,13 14 15 16 17 18 19 0 1 2 3 4 5 6 7 8 9 10 11 12
272,250.2951,250.2951,257.3114,13 14 15 16 17 18 19 0 1 2 3 4 5 6 7 8 9 10 11 12
273,250.2951,250.2951,264.2931,13 14 15 16 17 18 19 0 1 2 3 4 5 6 7 8 9 10 11 12
274,250.2951,250.2951,260.6065,13 14 15 16 17 18 19 0 1 2 3 4 5 6 7 8 9 10 11 12
275,250.2951,250.2951,258.4189,13 14 15 16 17 18 19 0 1 2 3 4 5 6 7 8 9 10 11 12
276,250.2951,250.2951,255.7589,13 14 15 16 17 18 19 0 1 2 3 4 5 6 7 8 9 10 11 12
277,250.2951,250.2951,265.9439,13 14 15 16 17 18 19 0 1 2 3 4 5 6 7 8 9 10 11 12
278,250.2951,250.2951,256.4131,13 14 15 16 17 18 19 0 1 2 3 4 5 6 7 8 9 10 11 12
279,250.2951,250.2951,252.6107,13 14 15 16 17 18 19 0 1 2 3 4 5 6 7 8 9 10 11 12
280,250.2951,250.2951,254.6671,13 14 15 16 17 18 19 0 1 2 3 4 5 6 7 8 9 10 11 12
281,250.2951,250.2951,262.0142,13 14 15 16 17 18 19 0 1 2 3 4 5 6 7 8 9 10 11 12
282,250.2951,250.2951,260.1497,13 14 15 16 17 18 19 0 1 2 3 4 5 6 7 8 9 10 11 12
283,250.2951,250.2951,254.7495,13 14 15 16 17 18 19 0 1 2 3 4 5 6 7 8 9 10 11 12
284,250.2951,250.2951,257.3356,13 14 15 16 17 18 19 0 1 2 3 4 5 6 7 8 9 10 11 12
285,250.2951,250.2951,262.9716,13 14 15 16 17 18 19 0 1 2 3 4 5 6 7 8 9 10 11 12
286,250.2951,250.2951,258.9662,13 14 15 16 17 18 19 0 1 2 3 4 5 6 7 8 9 10 11 12
287,250.2951,250.2951,252.8276,13 14 15 16 17 18 19 0 1 2 3 4 5 6 7 8 9 10 11 12
288,250.2951,250.2951,256.1807,13 14 15 16 17 18 19 0 1 2 3 4 5 6 7 8 9 10 11 12
289,250.2951,250.2951,261.7546,13 14 15 16 17 18 19 0 1 2 3 4 5 6 7 8 9 10 11 12
290,250.2951,250.2951,257.0401,13 14 15 16 17 18 19 0 1 2 3 4 5 6 7 8 9 10 11 12
